{
    "$schema": "https://schema.management.azure.com/schemas/0.1.2-preview/CreateUIDefinition.MultiVm.json#",
    "handler": "Microsoft.Compute.MultiVm",
    "version": "0.1.2-preview",
    "parameters": {
        "basics": [
            {}
        ],
        "steps": [
            {
                "name": "agreement",
                "label": "Agreement",
                "subLabel": {
                    "preValidation": "Please agree to company policy",
                    "postValidation": "Done"
                },
                "bladeTitle": "Agreement",
                "elements": [
                    {
                        "name": "agreement-text",
                        "type": "Microsoft.Common.TextBlock",
                        "visible": true,
                        "options": {
                            "text": "As per Tomas company policy please declare agreement with terms and conditions of this service.",
                            "link": {
                                "label": "Learn more",
                                "uri": "https://www.tomaskubica.cz"
                            }
                        }
                    },
                    {
                        "name": "agreement",
                        "type": "Microsoft.Common.OptionsGroup",
                        "label": "Agreement:",
                        "toolTip": "You must agree to continue",
                        "constraints": {
                            "required": true,
                            "allowedValues": [
                                {
                                    "label": "Agree",
                                    "value": "Agree"
                                }
                            ]
                        },
                        "visible": true
                    }
                ]
            },
            {
                "name": "tags",
                "label": "About service",
                "subLabel": {
                    "preValidation": "Please fill information about your service",
                    "postValidation": "Done"
                },
                "bladeTitle": "About service",
                "elements": [
                    {
                        "name": "classification",
                        "type": "Microsoft.Common.DropDown",
                        "label": "Service classification",
                        "toolTip": "Please select proper classification",
                        "constraints": {
                            "allowedValues": [
                                {
                                    "label": "Public",
                                    "value": "Public"
                                },
                                {
                                    "label": "Internal",
                                    "value": "Internal"
                                },
                                {
                                    "label": "PCI-DSS",
                                    "value": "PCI-DSS"
                                },
                                {
                                    "label": "Confidential",
                                    "value": "Confidential"
                                }
                            ]
                        }
                    },
                    {
                        "name": "description",
                        "type": "Microsoft.Common.TextBox",
                        "label": "Application description",
                        "toolTip": "Descripe intended purpose of this resource"
                    },
                    {
                        "name": "description-help",
                        "type": "Microsoft.Common.InfoBox",
                        "visible": true,
                        "options": {
                            "icon": "None",
                            "text": "How should I select application classification and what are guidlines for descriptions? Please check related policies.",
                            "uri": "https://www.github.com/tkubica12"
                        }
                    }
                ]
            },
            {
                "name": "parameters",
                "label": "Parameters",
                "subLabel": {
                    "preValidation": "Please configure parameters",
                    "postValidation": "Done"
                },
                "bladeTitle": "Parameters",
                "elements": [
                    {
                        "name": "vmName",
                        "type": "Microsoft.Common.TextBox",
                        "label": "VM name",
                        "toolTip": "Follow constrains for namings"
                    },
                    {
                        "name": "vmSize",
                        "type": "Microsoft.Compute.SizeSelector",
                        "label": "VM sizing",
                        "toolTip": "",
                        "recommendedSizes": [
                            "Standard_B2s",
                            "Standard_B2ms",
                            "Standard_B4ms"
                        ],
                        "constraints": {
                            "allowedSizes": [],
                            "excludedSizes": []
                        },
                        "options": {
                            "hideDiskTypeFilter": false
                        },
                        "osPlatform": "Windows",
                        "count": 1,
                        "visible": true
                    },
                    {
                        "name": "openPorts",
                        "type": "Microsoft.Common.TextBox",
                        "label": "Open ports",
                        "defaultValue": "3389,80,443",
                        "toolTip": "Provide comma separated list of open ports such as 3389,80,443"
                    }
                ]
            }
        ],
        "outputs": {
            "classification": "[steps('tags').classification]",
            "description": "[steps('tags').description]",
            "vmNamePrefix": "[steps('parameters').vmName]",
            "vmSize": "[steps('parameters').vmSize]",
            "adminUsername": "localtomas",
            "adminPassword": "Azure12345678",
            "domainAdminUsername": "tomas",
            "domainAdminPassword": "Azure12345678",
            "vnetName": "company-net",
            "vnetResourceGroup": "company-environment-rg",
            "subnetName": "company-user-sub",
            "dcIp": "10.0.0.100",
            "domainName": "mycompany.demo",
            "openPorts": "[steps('parameters').openPorts]"
        }
    }
}