{
    "$schema": "https://schema.management.azure.com/schemas/2015-01-01/deploymentTemplate.json#",
    "contentVersion": "1.0.0.0",
    "parameters": {
        "adminUsername": {
            "type": "string",
            "metadata": {
                "description": "User name for the Virtual Machine."
            }
        },
        "adminPassword": {
            "type": "securestring",
            "metadata": {
                "description": "Password for the Virtual Machine."
            }
        },
        "domainAdminUsername": {
            "type": "string",
            "metadata": {
                "description": "User name for the Virtual Machine."
            }
        },
        "domainAdminPassword": {
            "type": "securestring",
            "metadata": {
                "description": "Password for the Virtual Machine."
            }
        },
        "vnetName": {
            "type": "string"
        },
        "subnetName": {
            "type": "string"
        },
        "vnetResourceGroup": {
            "type": "string"
        },
        "openPorts": {
            "type": "string"
        },
        "vmNamePrefix": {
            "type": "string"
        },
        "VmSize": {
            "type": "string"
        },
        "domainName": {
            "type": "string"
        },
        "dcIp": {
            "type": "string"
        },
        "classification": {
            "type": "string"
        },
        "description": {
            "type": "string"
        }
    },
    "variables": {
        "subnetId": "[resourceId(parameters('vnetResourceGroup'), 'Microsoft.Network/virtualNetworks/subnets', parameters('vnetName'), parameters('subnetName'))]",
        "imageName": "company-windows-2016",
        "imageResourceGroup": "company-environment-rg",
        "imageId": "[resourceId(variables('imageResourceGroup'), 'Microsoft.Compute/images', variables('imageName'))]",
        "location": "[resourceGroup().location]",
        "VmName": "[concat(parameters('vmNamePrefix'), '-vm')]",
        "NicName": "[concat(parameters('vmNamePrefix'), '-nic')]",
        "nsgName": "[concat(parameters('vmNamePrefix'), '-fw')]",
        "diagStorageName": "[concat(uniqueString(resourceGroup().id), 'diag')]",
        "backupVaultName": "company-backupvault",
        "backupPolicyName": "companyBackupPolicy",
        "backupVaultResourceGroup": "company-environment-rg",
        "backupFabric": "Azure",
        "openPortsArray": "[split(parameters('openPorts'), ',')]",
        "v2VmType": "Microsoft.Compute/virtualMachines",
        "v2VmContainer": "iaasvmcontainer;iaasvmcontainerv2;",
        "v2Vm": "vm;iaasvmcontainerv2;",
        "vmResourceGroup": "[resourceGroup().name]",
        "workspaceName": "company-loganalytics",
        "workspaceResourceGroup": "company-environment-rg",
        "modulesUrl": "https://mycompanyenvstorage.blob.core.windows.net/windows-powershell-dsc/setupIIS.ps1.zip",
        "configurationFunction": "setupIIS.ps1\\setupIIS",
        "diagStorageId": "[concat('/subscriptions/', subscription().subscriptionId, '/resourceGroups/',resourceGroup().name, '/providers/','Microsoft.Storage/storageAccounts/', variables('diagStorageName'))]",
        "vmResourceId": "[concat('/subscriptions/', subscription().subscriptionId, '/resourceGroups/',resourceGroup().name, '/providers/','Microsoft.Compute/', variables('vmName'))]"
    },
    "resources": [
        {
            "apiVersion": "2015-06-15",
            "type": "Microsoft.Network/networkSecurityGroups",
            "name": "[variables('nsgName')]",
            "tags": {
                "Classification": "[parameters('classification')]",
                "Description": "[parameters('description')]"
            },
            "location": "[variables('location')]"
        },
        {
            "name": "[concat(variables('nsgName'), '/', variables('openPortsArray')[copyIndex()])]",
            "type": "Microsoft.Network/networkSecurityGroups/securityRules",
            "apiVersion": "2017-10-01",
            "dependsOn": [
                "[resourceId('Microsoft.Network/networkSecurityGroups/', variables('nsgName'))]"
            ],
            "copy": {
                "name": "nsgrulescopy",
                "count": "[length(variables('openPortsArray'))]"
            },
            "properties": {
                "protocol": "*",
                "sourcePortRange": "*",
                "destinationPortRange": "[variables('openPortsArray')[copyIndex()]]",
                "sourceAddressPrefix": "*",
                "destinationAddressPrefix": "*",
                "access": "Allow",
                "priority": "[copyIndex(200)]",
                "direction": "Inbound",
                "sourcePortRanges": [],
                "destinationPortRanges": [],
                "sourceAddressPrefixes": [],
                "destinationAddressPrefixes": []
            }
        },
        {
            "apiVersion": "2017-04-01",
            "type": "Microsoft.Network/networkInterfaces",
            "name": "[variables('NicName')]",
            "tags": {
                "Classification": "[parameters('classification')]",
                "Description": "[parameters('description')]"
            },
            "dependsOn": [
                "[resourceId('Microsoft.Network/networkSecurityGroups/', variables('nsgName'))]"
            ],
            "location": "[variables('location')]",
            "properties": {
                "ipConfigurations": [
                    {
                        "name": "ipconfig1",
                        "properties": {
                            "privateIPAllocationMethod": "Dynamic",
                            "subnet": {
                                "id": "[variables('subnetId')]"
                            }
                        }
                    }
                ],
                "dnsSettings": {
                    "dnsServers": [
                        "[parameters('dcIp')]"
                    ]
                },
                "networkSecurityGroup": {
                    "id": "[resourceId('Microsoft.Network/networkSecurityGroups', variables('nsgName'))]"
                }
            }
        },
        {
            "apiVersion": "2017-03-30",
            "type": "Microsoft.Compute/virtualMachines",
            "name": "[variables('VmName')]",
            "tags": {
                "Classification": "[parameters('classification')]",
                "Description": "[parameters('description')]"
            },
            "location": "[variables('location')]",
            "dependsOn": [
                "[resourceId('Microsoft.Network/networkInterfaces/', variables('NicName'))]",
                "[concat('Microsoft.Storage/storageAccounts/', variables('diagStorageName'))]"
            ],
            "properties": {
                "hardwareProfile": {
                    "vmSize": "[parameters('VmSize')]"
                },
                "osProfile": {
                    "computerName": "[variables('VmName')]",
                    "adminUsername": "[parameters('adminUsername')]",
                    "adminPassword": "[parameters('adminPassword')]"
                },
                "storageProfile": {
                    "imageReference": {
                        "id": "[variables('imageId')]"
                    },
                    "osDisk": {
                        "createOption": "FromImage"
                    }
                },
                "networkProfile": {
                    "networkInterfaces": [
                        {
                            "id": "[resourceId('Microsoft.Network/networkInterfaces',variables('NicName'))]"
                        }
                    ]
                },
                "diagnosticsProfile": {
                    "bootDiagnostics": {
                        "enabled": "true",
                        "storageUri": "[concat('http://',variables('diagStorageName'),'.blob.core.windows.net')]"
                    }
                }
            }
        },
        {
            "apiVersion": "2015-06-15",
            "type": "Microsoft.Compute/virtualMachines/extensions",
            "name": "[concat(variables('vmName'),'/joindomain')]",
            "tags": {
                "Classification": "[parameters('classification')]",
                "Description": "[parameters('description')]"
            },
            "location": "[variables('location')]",
            "dependsOn": [
                "[concat('Microsoft.Compute/virtualMachines/', variables('VmName'))]",
                "[concat('Microsoft.Compute/virtualMachines/', variables('VmName'), '/extensions/setupIIS')]"
            ],
            "properties": {
                "publisher": "Microsoft.Compute",
                "type": "JsonADDomainExtension",
                "typeHandlerVersion": "1.3",
                "autoUpgradeMinorVersion": true,
                "settings": {
                    "Name": "[parameters('domainName')]",
                    "OUPath": "",
                    "User": "[concat(parameters('domainName'), '\\', parameters('domainAdminUsername'))]",
                    "Restart": "true",
                    "Options": 3
                },
                "protectedSettings": {
                    "Password": "[parameters('domainAdminPassword')]"
                }
            }
        },
        {
            "type": "Microsoft.Compute/virtualMachines/extensions",
            "name": "[concat(variables('vmName'),'/', 'setupIIS')]",
            "tags": {
                "Classification": "[parameters('classification')]",
                "Description": "[parameters('description')]"
            },
            "apiVersion": "2015-05-01-preview",
            "location": "[variables('location')]",
            "dependsOn": [
                "[concat('Microsoft.Compute/virtualMachines/', variables('vmName'))]"
            ],
            "properties": {
                "publisher": "Microsoft.Powershell",
                "type": "DSC",
                "typeHandlerVersion": "2.19",
                "autoUpgradeMinorVersion": true,
                "settings": {
                    "ModulesUrl": "[variables('modulesUrl')]",
                    "ConfigurationFunction": "[variables('configurationFunction')]",
                    "Properties": {
                        "MachineName": "[variables('vmName')]"
                    }
                },
                "protectedSettings": null
            }
        },
        {
            "type": "Microsoft.Storage/storageAccounts",
            "name": "[variables('diagStorageName')]",
            "tags": {
                "Classification": "[parameters('classification')]",
                "Description": "[parameters('description')]"
            },
            "apiVersion": "2015-05-01-preview",
            "location": "[variables('location')]",
            "properties": {
                "accountType": "Standard_LRS"
            }
        },
        {
            "type": "Microsoft.Compute/virtualMachines/extensions",
            "name": "[concat(variables('vmName'),'/', 'Microsoft.Insights.VMDiagnosticsSettings')]",
            "tags": {
                "Classification": "[parameters('classification')]",
                "Description": "[parameters('description')]"
            },
            "apiVersion": "2015-06-15",
            "location": "[variables('location')]",
            "dependsOn": [
                "[concat('Microsoft.Compute/virtualMachines/', variables('vmName'))]",
                "[concat('Microsoft.Storage/storageAccounts/', variables('diagStorageName'))]"
            ],
            "properties": {
                "publisher": "Microsoft.Azure.Diagnostics",
                "type": "IaaSDiagnostics",
                "typeHandlerVersion": "1.5",
                "autoUpgradeMinorVersion": true,
                "protectedSettings": {
                    "storageAccountName": "[variables('diagStorageName')]",
                    "storageAccountKey": "[listKeys(variables('diagStorageId'),'2015-06-15').key1]",
                    "storageAccountEndPoint": "https://core.windows.net/"
                },
                "settings": {
                    "StorageAccount": "[variables('diagStorageName')]",
                    "WadCfg": {
                        "DiagnosticMonitorConfiguration": {
                            "overallQuotaInMB": 5120,
                            "Metrics": {
                                "resourceId": "/subscriptions/a0f4a733-4fce-4d49-b8a8-d30541fc1b45/resourceGroups/company-user-rg/providers/Microsoft.Compute/virtualMachines/userapp-vm",
                                "MetricAggregation": [
                                    {
                                        "scheduledTransferPeriod": "PT1H"
                                    },
                                    {
                                        "scheduledTransferPeriod": "PT1M"
                                    }
                                ]
                            },
                            "DiagnosticInfrastructureLogs": {
                                "scheduledTransferLogLevelFilter": "Error",
                                "scheduledTransferPeriod": "PT1M"
                            },
                            "PerformanceCounters": {
                                "scheduledTransferPeriod": "PT1M",
                                "PerformanceCounterConfiguration": [
                                    {
                                        "counterSpecifier": "\\Processor Information(_Total)\\% Processor Time",
                                        "sampleRate": "PT60S"
                                    },
                                    {
                                        "counterSpecifier": "\\Processor Information(_Total)\\% Privileged Time",
                                        "sampleRate": "PT60S"
                                    },
                                    {
                                        "counterSpecifier": "\\Processor Information(_Total)\\% User Time",
                                        "sampleRate": "PT60S"
                                    },
                                    {
                                        "counterSpecifier": "\\Processor Information(_Total)\\Processor Frequency",
                                        "sampleRate": "PT60S"
                                    },
                                    {
                                        "counterSpecifier": "\\System\\Processes",
                                        "sampleRate": "PT60S"
                                    },
                                    {
                                        "counterSpecifier": "\\Process(_Total)\\Thread Count",
                                        "sampleRate": "PT60S"
                                    },
                                    {
                                        "counterSpecifier": "\\Process(_Total)\\Handle Count",
                                        "sampleRate": "PT60S"
                                    },
                                    {
                                        "counterSpecifier": "\\System\\System Up Time",
                                        "sampleRate": "PT60S"
                                    },
                                    {
                                        "counterSpecifier": "\\System\\Context Switches/sec",
                                        "sampleRate": "PT60S"
                                    },
                                    {
                                        "counterSpecifier": "\\System\\Processor Queue Length",
                                        "sampleRate": "PT60S"
                                    },
                                    {
                                        "counterSpecifier": "\\Memory\\% Committed Bytes In Use",
                                        "sampleRate": "PT60S"
                                    },
                                    {
                                        "counterSpecifier": "\\Memory\\Available Bytes",
                                        "sampleRate": "PT60S"
                                    },
                                    {
                                        "counterSpecifier": "\\Memory\\Committed Bytes",
                                        "sampleRate": "PT60S"
                                    },
                                    {
                                        "counterSpecifier": "\\Memory\\Cache Bytes",
                                        "sampleRate": "PT60S"
                                    },
                                    {
                                        "counterSpecifier": "\\Memory\\Pool Paged Bytes",
                                        "sampleRate": "PT60S"
                                    },
                                    {
                                        "counterSpecifier": "\\Memory\\Pool Nonpaged Bytes",
                                        "sampleRate": "PT60S"
                                    },
                                    {
                                        "counterSpecifier": "\\Memory\\Pages/sec",
                                        "sampleRate": "PT60S"
                                    },
                                    {
                                        "counterSpecifier": "\\Memory\\Page Faults/sec",
                                        "sampleRate": "PT60S"
                                    },
                                    {
                                        "counterSpecifier": "\\Process(_Total)\\Working Set",
                                        "sampleRate": "PT60S"
                                    },
                                    {
                                        "counterSpecifier": "\\Process(_Total)\\Working Set - Private",
                                        "sampleRate": "PT60S"
                                    },
                                    {
                                        "counterSpecifier": "\\LogicalDisk(_Total)\\% Disk Time",
                                        "sampleRate": "PT60S"
                                    },
                                    {
                                        "counterSpecifier": "\\LogicalDisk(_Total)\\% Disk Read Time",
                                        "sampleRate": "PT60S"
                                    },
                                    {
                                        "counterSpecifier": "\\LogicalDisk(_Total)\\% Disk Write Time",
                                        "sampleRate": "PT60S"
                                    },
                                    {
                                        "counterSpecifier": "\\LogicalDisk(_Total)\\% Idle Time",
                                        "sampleRate": "PT60S"
                                    },
                                    {
                                        "counterSpecifier": "\\LogicalDisk(_Total)\\Disk Bytes/sec",
                                        "sampleRate": "PT60S"
                                    },
                                    {
                                        "counterSpecifier": "\\LogicalDisk(_Total)\\Disk Read Bytes/sec",
                                        "sampleRate": "PT60S"
                                    },
                                    {
                                        "counterSpecifier": "\\LogicalDisk(_Total)\\Disk Write Bytes/sec",
                                        "sampleRate": "PT60S"
                                    },
                                    {
                                        "counterSpecifier": "\\LogicalDisk(_Total)\\Disk Transfers/sec",
                                        "sampleRate": "PT60S"
                                    },
                                    {
                                        "counterSpecifier": "\\LogicalDisk(_Total)\\Disk Reads/sec",
                                        "sampleRate": "PT60S"
                                    },
                                    {
                                        "counterSpecifier": "\\LogicalDisk(_Total)\\Disk Writes/sec",
                                        "sampleRate": "PT60S"
                                    },
                                    {
                                        "counterSpecifier": "\\LogicalDisk(_Total)\\Avg. Disk sec/Transfer",
                                        "sampleRate": "PT60S"
                                    },
                                    {
                                        "counterSpecifier": "\\LogicalDisk(_Total)\\Avg. Disk sec/Read",
                                        "sampleRate": "PT60S"
                                    },
                                    {
                                        "counterSpecifier": "\\LogicalDisk(_Total)\\Avg. Disk sec/Write",
                                        "sampleRate": "PT60S"
                                    },
                                    {
                                        "counterSpecifier": "\\LogicalDisk(_Total)\\Avg. Disk Queue Length",
                                        "sampleRate": "PT60S"
                                    },
                                    {
                                        "counterSpecifier": "\\LogicalDisk(_Total)\\Avg. Disk Read Queue Length",
                                        "sampleRate": "PT60S"
                                    },
                                    {
                                        "counterSpecifier": "\\LogicalDisk(_Total)\\Avg. Disk Write Queue Length",
                                        "sampleRate": "PT60S"
                                    },
                                    {
                                        "counterSpecifier": "\\LogicalDisk(_Total)\\% Free Space",
                                        "sampleRate": "PT60S"
                                    },
                                    {
                                        "counterSpecifier": "\\LogicalDisk(_Total)\\Free Megabytes",
                                        "sampleRate": "PT60S"
                                    },
                                    {
                                        "counterSpecifier": "\\Network Interface(*)\\Bytes Total/sec",
                                        "sampleRate": "PT60S"
                                    },
                                    {
                                        "counterSpecifier": "\\Network Interface(*)\\Bytes Sent/sec",
                                        "sampleRate": "PT60S"
                                    },
                                    {
                                        "counterSpecifier": "\\Network Interface(*)\\Bytes Received/sec",
                                        "sampleRate": "PT60S"
                                    },
                                    {
                                        "counterSpecifier": "\\Network Interface(*)\\Packets/sec",
                                        "sampleRate": "PT60S"
                                    },
                                    {
                                        "counterSpecifier": "\\Network Interface(*)\\Packets Sent/sec",
                                        "sampleRate": "PT60S"
                                    },
                                    {
                                        "counterSpecifier": "\\Network Interface(*)\\Packets Received/sec",
                                        "sampleRate": "PT60S"
                                    },
                                    {
                                        "counterSpecifier": "\\Network Interface(*)\\Packets Outbound Errors",
                                        "sampleRate": "PT60S"
                                    },
                                    {
                                        "counterSpecifier": "\\Network Interface(*)\\Packets Received Errors",
                                        "sampleRate": "PT60S"
                                    }
                                ]
                            },
                            "WindowsEventLog": {
                                "scheduledTransferPeriod": "PT1M",
                                "DataSource": []
                            },
                            "Directories": {
                                "scheduledTransferPeriod": "PT1M"
                            }
                        }
                    }
                }
            }
        },
        {
            "type": "Microsoft.Compute/virtualMachines/extensions",
            "name": "[concat(variables('vmName'),'/', 'Microsoft.EnterpriseCloud.Monitoring')]",
            "apiVersion": "2015-05-01-preview",
            "location": "[variables('location')]",
            "dependsOn": [
                "[concat('Microsoft.Compute/virtualMachines/', variables('vmName'))]"
            ],
            "properties": {
                "publisher": "Microsoft.EnterpriseCloud.Monitoring",
                "type": "MicrosoftMonitoringAgent",
                "typeHandlerVersion": "1.0",
                "autoUpgradeMinorVersion": true,
                "settings": {
                    "workspaceId": "[reference(resourceId(variables('workspaceResourceGroup'), 'Microsoft.OperationalInsights/workspaces', variables('workspaceName')), '2017-03-15-preview').customerId]"
                },
                "protectedSettings": {
                    "workspaceKey": "[listKeys(resourceId(variables('workspaceResourceGroup'), 'Microsoft.OperationalInsights/workspaces', variables('workspaceName')), '2017-03-15-preview').primarySharedKey]"
                }
            }
        },
        {
            "apiVersion": "2017-05-10",
            "name": "[concat('deployBackupPolicy', variables('VmName'))]",
            "type": "Microsoft.Resources/deployments",
            "resourceGroup": "[variables('backupVaultResourceGroup')]",
            "dependsOn": [
                "[concat('Microsoft.Compute/virtualMachines/', variables('VmName'))]"
            ],
            "properties": {
                "mode": "Incremental",
                "template": {
                    "$schema": "https://schema.management.azure.com/schemas/2015-01-01/deploymentTemplate.json#",
                    "contentVersion": "1.0.0.0",
                    "parameters": {},
                    "variables": {},
                    "resources": [
                        {
                            "name": "[concat(variables('backupVaultName'), '/', variables('backupFabric'), '/', variables('v2VmContainer'), concat(variables('vmResourceGroup'),';',variables('VmName'), '/', variables('v2Vm'), concat(variables('vmResourceGroup'),';',variables('VmName'))))]",
                            "apiVersion": "2016-06-01",
                            "location": "[variables('location')]",
                            "type": "Microsoft.RecoveryServices/vaults/backupFabrics/protectionContainers/protectedItems",
                            "properties": {
                                "protectedItemType": "[variables('v2VmType')]",
                                "policyId": "[resourceId('Microsoft.RecoveryServices/vaults/backupPolicies',variables('backupVaultName'),variables('backupPolicyName') )]",
                                "sourceResourceId": "[resourceId(subscription().subscriptionId,variables('vmResourceGroup'),'Microsoft.Compute/virtualMachines',variables('VmName'))]"
                            }
                        }
                    ]
                }
            }
        }
    ],
    "outputs": {}
}